Name,Firstname,Credit Card,Country,Region
Wilson,Marsden,5543 8808 5997 9203,Hungary,Nunavut
Levy,Wylie,5.2912E+15,Tunisia,WA
Matthews,Cailin,514400 2275938613,Philippines,Osun
Anthony,Callie,548774 5620834052,Honduras,AN
Orr,Quintessa,528 61699 70436 876,Gabon,MH
Day,Molly,5541 7485 1586 7439,Italy,ST
Kidd,Jael,5.10503E+15,Malawi,Brussels Hoofdstedelijk Gewest
Parsons,Dexter,557877 7172338059,Sweden,Catalunya
Key,Blythe,5.52568E+15,South Georgia and The South Sandwich Islands,NI
Mercado,Taylor,511605 3169126686,Spain,Leinster
Mccullough,Leilani,548 08705 86863 791,Austria,Kerala
Norris,Kelsie,523653 844186 1774,United States Minor Outlying Islands,ON
Mcpherson,Xantha,516353 405232 3599,French Southern Territories,AN
Gill,Zephr,550064 1307911862,Viet Nam,L
Santos,Carl,515384 774742 9437,Burundi,PB
Vargas,Xaviera,5122 1623 0851 4520,Azerbaijan,Ank
Wynn,Lacota,511 76685 46475 438,Kazakhstan,HH
Pope,Alvin,5338 8227 1880 8412,Niger,Sicilia
Sherman,Idola,523420 632372 9038,Burkina Faso,Catalunya
Franklin,Cole,5398 3617 3886 1520,Sri Lanka,KN
Benjamin,Medge,5.44851E+15,Tokelau,California
Hayes,Kamal,525683 7498649263,Guadeloupe,NA
Navarro,Lacota,5.19126E+15,Senegal,Ceará
Palmer,Beatrice,531344 8050280884,Peru,CU
Thompson,Jolene,551102 0570586551,Iran,PE
Leonard,Lee,5.31242E+15,Antigua and Barbuda,La Rioja
Dunlap,Sierra,530095 752423 2219,Nauru,Jönköpings län
Randolph,Hayfa,548 13050 28304 764,Jordan,Lubelskie
Sellers,Lani,518417 980431 2709,Jamaica,DE
Haley,Silas,5.44062E+15,Thailand,Västra Götalands län
Moon,Regina,538296 240120 2765,Yemen,BA
Payne,Iona,5559 9080 4587 6396,Northern Mariana Islands,Istanbul
Guy,Meredith,5258 8420 3248 0488,Cape Verde,Hamburg
Pickett,Macy,534514 4110447587,Viet Nam,O
Stevenson,Tucker,537 55268 10214 767,Saint Lucia,South Island
David,Uta,5166 1593 3952 2560,Madagascar,N.
Thompson,Felix,534766 856830 3437,Christmas Island,AK
Head,Lisandra,513526 9060237698,Faroe Islands,PD
Delgado,Nerea,521481 1488411803,Panama,Istanbul
Marshall,Troy,516324 0397520937,Congo (Brazzaville),SJ
Faulkner,Reuben,5.53185E+15,Haiti,ON
Richmond,Donna,5.37581E+15,"Korea, South",San José
Fisher,Hayley,546168 251440 9081,Monaco,AB
Odonnell,Erin,549625 393671 1550,Barbados,Ontario
Hensley,Indira,517749 3962736834,Central African Republic,Mersin
Dillon,Constance,558038 441126 9678,Namibia,New South Wales
Atkinson,Slade,541175 1083298034,Egypt,AN
Hickman,Nola,553406 1659305359,Spain,Hawaii
Leblanc,Amery,512770 1542428578,Ethiopia,Andalucía
Valentine,Naomi,5.22678E+15,Christmas Island,Alajuela
Callahan,Alexa,544306 5872666083,Bolivia,Ontario
Best,Austin,541565 748204 5239,United States Minor Outlying Islands,São Paulo
Wilcox,Priscilla,527292 234484 6519,Maldives,Illinois
Tucker,Jesse,551 08283 54988 418,Luxembourg,SN
Bell,Quinn,512 03831 96012 151,Cuba,Ist
Carr,Rama,549 68555 05842 416,Bulgaria,Utah
Gross,Octavia,548 11030 47032 866,Gabon,Connacht
Mcgee,Isabelle,510648 153838 7931,Armenia,LX
Fitzgerald,Jordan,538 60469 19227 674,Philippines,LOM
Mccarty,Brett,519 10890 73138 548,Hong Kong,Jönköpings län
Rosales,Lana,543802 892923 4815,"Virgin Islands, British",Noord Holland
Christian,Josiah,517927 9003134297,Uruguay,LU
Wilkinson,Salvador,519099 9355913791,Uzbekistan,IL
Gould,Garth,5392 8999 7150 8890,Uruguay,Quebec
Bradford,Heather,543168 452146 9543,Myanmar,Lazio
Jacobs,Imelda,533 73787 55054 254,Lesotho,WY
Elliott,Kaitlin,5132 2055 4079 5270,Saint Kitts and Nevis,Vienna
Todd,Micah,5.32304E+15,Tajikistan,South Island
Melendez,Zenia,538 08911 59048 223,South Sudan,PB
Elliott,David,5.36996E+15,Central African Republic,RM
Grant,Ronan,557 71638 67872 655,Qatar,Umbria
Reed,Flynn,5534 1835 5778 2321,Taiwan,Zl
Campbell,Uriah,539 58500 21314 968,Antarctica,Haryana
Savage,Ulric,533854 6834864013,Russian Federation,Bihar
Ramos,Unity,5191 8190 1799 5284,Singapore,CAM
Peters,Judith,5.5874E+15,Denmark,Ankara
Parsons,Quon,5.15204E+15,Saint Kitts and Nevis,Zl
Pena,Connor,545154 3566995520,Trinidad and Tobago,Vorarlberg
Whitfield,Aladdin,5451 7155 9506 9275,Japan,San José
Love,Elton,552 16350 75774 069,Fiji,Biobío
Ryan,Yoshi,5.17249E+15,Saint Barthélemy,Stockholms län
Duffy,Caesar,524645 948342 5972,Myanmar,NSW
Richard,Sonia,536 52663 80519 517,Puerto Rico,SJ
Lindsay,Burke,510262 3625790931,Cameroon,Connecticut
Mcdowell,Veda,515 42038 08115 607,Singapore,Alajuela
Moran,Dennis,5.55122E+15,British Indian Ocean Territory,Z.
Chapman,Madaline,5.12842E+15,Belize,A
Howell,Wendy,528417 1140324059,Cayman Islands,Gelderland
Sparks,Leroy,557 97242 13943 967,Japan,ES
Solis,Lilah,511185 3598035811,Bosnia and Herzegovina,M
Turner,Nissim,5348 8528 9576 2106,Yemen,Cartago
Olson,Silas,530 11122 56671 007,Belarus,VII
Velazquez,Hamish,5463 3774 3668 0236,Bosnia and Herzegovina,L
Singleton,Indira,5.19449E+15,Cape Verde,QC
Cooke,Marcia,554933 8445223200,San Marino,Berlin
Gutierrez,Kalia,5.31716E+15,Isle of Man,Catalunya
Wise,Beatrice,5229 0365 3425 3842,Guinea,PUG
Morrison,Emma,537907 134136 1361,Papua New Guinea,A
Rocha,Ocean,521355 922945 6303,Anguilla,Wie
Stark,Rama,557 30053 12840 320,"Korea, South",Bremen
Wilson,Marsden,5543 8808 5997 9203,Hungary,Nunavut
Levy,Wylie,5.2912E+15,Tunisia,WA
Matthews,Cailin,514400 2275938613,Philippines,Osun
Anthony,Callie,548774 5620834052,Honduras,AN
Orr,Quintessa,528 61699 70436 876,Gabon,MH
Day,Molly,5541 7485 1586 7439,Italy,ST
Kidd,Jael,5.10503E+15,Malawi,Brussels Hoofdstedelijk Gewest
Parsons,Dexter,557877 7172338059,Sweden,Catalunya
Key,Blythe,5.52568E+15,South Georgia and The South Sandwich Islands,NI
Mercado,Taylor,511605 3169126686,Spain,Leinster
Mccullough,Leilani,548 08705 86863 791,Austria,Kerala
Norris,Kelsie,523653 844186 1774,United States Minor Outlying Islands,ON
Mcpherson,Xantha,516353 405232 3599,French Southern Territories,AN
Gill,Zephr,550064 1307911862,Viet Nam,L
Santos,Carl,515384 774742 9437,Burundi,PB
Vargas,Xaviera,5122 1623 0851 4520,Azerbaijan,Ank
Wynn,Lacota,511 76685 46475 438,Kazakhstan,HH
Pope,Alvin,5338 8227 1880 8412,Niger,Sicilia
Sherman,Idola,523420 632372 9038,Burkina Faso,Catalunya
Franklin,Cole,5398 3617 3886 1520,Sri Lanka,KN
Benjamin,Medge,5.44851E+15,Tokelau,California
Hayes,Kamal,525683 7498649263,Guadeloupe,NA
Navarro,Lacota,5.19126E+15,Senegal,Ceará
Palmer,Beatrice,531344 8050280884,Peru,CU
Thompson,Jolene,551102 0570586551,Iran,PE
Leonard,Lee,5.31242E+15,Antigua and Barbuda,La Rioja
Dunlap,Sierra,530095 752423 2219,Nauru,Jönköpings län
Randolph,Hayfa,548 13050 28304 764,Jordan,Lubelskie
Sellers,Lani,518417 980431 2709,Jamaica,DE
Haley,Silas,5.44062E+15,Thailand,Västra Götalands län
Moon,Regina,538296 240120 2765,Yemen,BA
Payne,Iona,5559 9080 4587 6396,Northern Mariana Islands,Istanbul
Guy,Meredith,5258 8420 3248 0488,Cape Verde,Hamburg
Pickett,Macy,534514 4110447587,Viet Nam,O
Stevenson,Tucker,537 55268 10214 767,Saint Lucia,South Island
David,Uta,5166 1593 3952 2560,Madagascar,N.
Thompson,Felix,534766 856830 3437,Christmas Island,AK
Head,Lisandra,513526 9060237698,Faroe Islands,PD
Delgado,Nerea,521481 1488411803,Panama,Istanbul
Marshall,Troy,516324 0397520937,Congo (Brazzaville),SJ
Faulkner,Reuben,5.53185E+15,Haiti,ON
Richmond,Donna,5.37581E+15,"Korea, South",San José
Fisher,Hayley,546168 251440 9081,Monaco,AB
Odonnell,Erin,549625 393671 1550,Barbados,Ontario
Hensley,Indira,517749 3962736834,Central African Republic,Mersin
Dillon,Constance,558038 441126 9678,Namibia,New South Wales
Atkinson,Slade,541175 1083298034,Egypt,AN
Hickman,Nola,553406 1659305359,Spain,Hawaii
Leblanc,Amery,512770 1542428578,Ethiopia,Andalucía
Valentine,Naomi,5.22678E+15,Christmas Island,Alajuela
Callahan,Alexa,544306 5872666083,Bolivia,Ontario
Best,Austin,541565 748204 5239,United States Minor Outlying Islands,São Paulo
Wilcox,Priscilla,527292 234484 6519,Maldives,Illinois
Tucker,Jesse,551 08283 54988 418,Luxembourg,SN
Bell,Quinn,512 03831 96012 151,Cuba,Ist
Carr,Rama,549 68555 05842 416,Bulgaria,Utah
Gross,Octavia,548 11030 47032 866,Gabon,Connacht
Mcgee,Isabelle,510648 153838 7931,Armenia,LX
Fitzgerald,Jordan,538 60469 19227 674,Philippines,LOM
Mccarty,Brett,519 10890 73138 548,Hong Kong,Jönköpings län
Rosales,Lana,543802 892923 4815,"Virgin Islands, British",Noord Holland
Christian,Josiah,517927 9003134297,Uruguay,LU
Wilkinson,Salvador,519099 9355913791,Uzbekistan,IL
Gould,Garth,5392 8999 7150 8890,Uruguay,Quebec
Bradford,Heather,543168 452146 9543,Myanmar,Lazio
Jacobs,Imelda,533 73787 55054 254,Lesotho,WY
Elliott,Kaitlin,5132 2055 4079 5270,Saint Kitts and Nevis,Vienna
Todd,Micah,5.32304E+15,Tajikistan,South Island
Melendez,Zenia,538 08911 59048 223,South Sudan,PB
Elliott,David,5.36996E+15,Central African Republic,RM
Grant,Ronan,557 71638 67872 655,Qatar,Umbria
Reed,Flynn,5534 1835 5778 2321,Taiwan,Zl
Campbell,Uriah,539 58500 21314 968,Antarctica,Haryana
Savage,Ulric,533854 6834864013,Russian Federation,Bihar
Ramos,Unity,5191 8190 1799 5284,Singapore,CAM
Peters,Judith,5.5874E+15,Denmark,Ankara
Parsons,Quon,5.15204E+15,Saint Kitts and Nevis,Zl
Pena,Connor,545154 3566995520,Trinidad and Tobago,Vorarlberg
Whitfield,Aladdin,5451 7155 9506 9275,Japan,San José
Love,Elton,552 16350 75774 069,Fiji,Biobío
Ryan,Yoshi,5.17249E+15,Saint Barthélemy,Stockholms län
Duffy,Caesar,524645 948342 5972,Myanmar,NSW
Richard,Sonia,536 52663 80519 517,Puerto Rico,SJ
Lindsay,Burke,510262 3625790931,Cameroon,Connecticut
Mcdowell,Veda,515 42038 08115 607,Singapore,Alajuela
Moran,Dennis,5.55122E+15,British Indian Ocean Territory,Z.
Chapman,Madaline,5.12842E+15,Belize,A
Howell,Wendy,528417 1140324059,Cayman Islands,Gelderland
Sparks,Leroy,557 97242 13943 967,Japan,ES
Solis,Lilah,511185 3598035811,Bosnia and Herzegovina,M
Turner,Nissim,5348 8528 9576 2106,Yemen,Cartago
Olson,Silas,530 11122 56671 007,Belarus,VII
Velazquez,Hamish,5463 3774 3668 0236,Bosnia and Herzegovina,L
Singleton,Indira,5.19449E+15,Cape Verde,QC
Cooke,Marcia,554933 8445223200,San Marino,Berlin
Gutierrez,Kalia,5.31716E+15,Isle of Man,Catalunya
Wise,Beatrice,5229 0365 3425 3842,Guinea,PUG
Morrison,Emma,537907 134136 1361,Papua New Guinea,A
Rocha,Ocean,521355 922945 6303,Anguilla,Wie
Stark,Rama,557 30053 12840 320,"Korea, South",Bremen
Wilson,Marsden,5543 8808 5997 9203,Hungary,Nunavut
Levy,Wylie,5.2912E+15,Tunisia,WA
Matthews,Cailin,514400 2275938613,Philippines,Osun
Anthony,Callie,548774 5620834052,Honduras,AN
Orr,Quintessa,528 61699 70436 876,Gabon,MH
Day,Molly,5541 7485 1586 7439,Italy,ST
Kidd,Jael,5.10503E+15,Malawi,Brussels Hoofdstedelijk Gewest
Parsons,Dexter,557877 7172338059,Sweden,Catalunya
Key,Blythe,5.52568E+15,South Georgia and The South Sandwich Islands,NI
Mercado,Taylor,511605 3169126686,Spain,Leinster
Mccullough,Leilani,548 08705 86863 791,Austria,Kerala
Norris,Kelsie,523653 844186 1774,United States Minor Outlying Islands,ON
Mcpherson,Xantha,516353 405232 3599,French Southern Territories,AN
Gill,Zephr,550064 1307911862,Viet Nam,L
Santos,Carl,515384 774742 9437,Burundi,PB
Vargas,Xaviera,5122 1623 0851 4520,Azerbaijan,Ank
Wynn,Lacota,511 76685 46475 438,Kazakhstan,HH
Pope,Alvin,5338 8227 1880 8412,Niger,Sicilia
Sherman,Idola,523420 632372 9038,Burkina Faso,Catalunya
Franklin,Cole,5398 3617 3886 1520,Sri Lanka,KN
Benjamin,Medge,5.44851E+15,Tokelau,California
Hayes,Kamal,525683 7498649263,Guadeloupe,NA
Navarro,Lacota,5.19126E+15,Senegal,Ceará
Palmer,Beatrice,531344 8050280884,Peru,CU
Thompson,Jolene,551102 0570586551,Iran,PE
Leonard,Lee,5.31242E+15,Antigua and Barbuda,La Rioja
Dunlap,Sierra,530095 752423 2219,Nauru,Jönköpings län
Randolph,Hayfa,548 13050 28304 764,Jordan,Lubelskie
Sellers,Lani,518417 980431 2709,Jamaica,DE
Haley,Silas,5.44062E+15,Thailand,Västra Götalands län
Moon,Regina,538296 240120 2765,Yemen,BA
Payne,Iona,5559 9080 4587 6396,Northern Mariana Islands,Istanbul
Guy,Meredith,5258 8420 3248 0488,Cape Verde,Hamburg
Pickett,Macy,534514 4110447587,Viet Nam,O
Stevenson,Tucker,537 55268 10214 767,Saint Lucia,South Island
David,Uta,5166 1593 3952 2560,Madagascar,N.
Thompson,Felix,534766 856830 3437,Christmas Island,AK
Head,Lisandra,513526 9060237698,Faroe Islands,PD
Delgado,Nerea,521481 1488411803,Panama,Istanbul
Marshall,Troy,516324 0397520937,Congo (Brazzaville),SJ
Faulkner,Reuben,5.53185E+15,Haiti,ON
Richmond,Donna,5.37581E+15,"Korea, South",San José
Fisher,Hayley,546168 251440 9081,Monaco,AB
Odonnell,Erin,549625 393671 1550,Barbados,Ontario
Hensley,Indira,517749 3962736834,Central African Republic,Mersin
Dillon,Constance,558038 441126 9678,Namibia,New South Wales
Atkinson,Slade,541175 1083298034,Egypt,AN
Hickman,Nola,553406 1659305359,Spain,Hawaii
Leblanc,Amery,512770 1542428578,Ethiopia,Andalucía
Valentine,Naomi,5.22678E+15,Christmas Island,Alajuela
Callahan,Alexa,544306 5872666083,Bolivia,Ontario
Best,Austin,541565 748204 5239,United States Minor Outlying Islands,São Paulo
Wilcox,Priscilla,527292 234484 6519,Maldives,Illinois
Tucker,Jesse,551 08283 54988 418,Luxembourg,SN
Bell,Quinn,512 03831 96012 151,Cuba,Ist
Carr,Rama,549 68555 05842 416,Bulgaria,Utah
Gross,Octavia,548 11030 47032 866,Gabon,Connacht
Mcgee,Isabelle,510648 153838 7931,Armenia,LX
Fitzgerald,Jordan,538 60469 19227 674,Philippines,LOM
Mccarty,Brett,519 10890 73138 548,Hong Kong,Jönköpings län
Rosales,Lana,543802 892923 4815,"Virgin Islands, British",Noord Holland
Christian,Josiah,517927 9003134297,Uruguay,LU
Wilkinson,Salvador,519099 9355913791,Uzbekistan,IL
Gould,Garth,5392 8999 7150 8890,Uruguay,Quebec
Bradford,Heather,543168 452146 9543,Myanmar,Lazio
Jacobs,Imelda,533 73787 55054 254,Lesotho,WY
Elliott,Kaitlin,5132 2055 4079 5270,Saint Kitts and Nevis,Vienna
Todd,Micah,5.32304E+15,Tajikistan,South Island
Melendez,Zenia,538 08911 59048 223,South Sudan,PB
Elliott,David,5.36996E+15,Central African Republic,RM
Grant,Ronan,557 71638 67872 655,Qatar,Umbria
Reed,Flynn,5534 1835 5778 2321,Taiwan,Zl
Campbell,Uriah,539 58500 21314 968,Antarctica,Haryana
Savage,Ulric,533854 6834864013,Russian Federation,Bihar
Ramos,Unity,5191 8190 1799 5284,Singapore,CAM
Peters,Judith,5.5874E+15,Denmark,Ankara
Parsons,Quon,5.15204E+15,Saint Kitts and Nevis,Zl
Pena,Connor,545154 3566995520,Trinidad and Tobago,Vorarlberg
Whitfield,Aladdin,5451 7155 9506 9275,Japan,San José
Love,Elton,552 16350 75774 069,Fiji,Biobío
Ryan,Yoshi,5.17249E+15,Saint Barthélemy,Stockholms län
Duffy,Caesar,524645 948342 5972,Myanmar,NSW
Richard,Sonia,536 52663 80519 517,Puerto Rico,SJ
Lindsay,Burke,510262 3625790931,Cameroon,Connecticut
Mcdowell,Veda,515 42038 08115 607,Singapore,Alajuela
Moran,Dennis,5.55122E+15,British Indian Ocean Territory,Z.
Chapman,Madaline,5.12842E+15,Belize,A
Howell,Wendy,528417 1140324059,Cayman Islands,Gelderland
Sparks,Leroy,557 97242 13943 967,Japan,ES
Solis,Lilah,511185 3598035811,Bosnia and Herzegovina,M
Turner,Nissim,5348 8528 9576 2106,Yemen,Cartago
Olson,Silas,530 11122 56671 007,Belarus,VII
Velazquez,Hamish,5463 3774 3668 0236,Bosnia and Herzegovina,L
Singleton,Indira,5.19449E+15,Cape Verde,QC
Cooke,Marcia,554933 8445223200,San Marino,Berlin
Gutierrez,Kalia,5.31716E+15,Isle of Man,Catalunya
Wise,Beatrice,5229 0365 3425 3842,Guinea,PUG
Morrison,Emma,537907 134136 1361,Papua New Guinea,A
Rocha,Ocean,521355 922945 6303,Anguilla,Wie
Stark,Rama,557 30053 12840 320,"Korea, South",Bremen
Wilson,Marsden,5543 8808 5997 9203,Hungary,Nunavut
Levy,Wylie,5.2912E+15,Tunisia,WA
Matthews,Cailin,514400 2275938613,Philippines,Osun
Anthony,Callie,548774 5620834052,Honduras,AN
Orr,Quintessa,528 61699 70436 876,Gabon,MH
Day,Molly,5541 7485 1586 7439,Italy,ST
Kidd,Jael,5.10503E+15,Malawi,Brussels Hoofdstedelijk Gewest
Parsons,Dexter,557877 7172338059,Sweden,Catalunya
Key,Blythe,5.52568E+15,South Georgia and The South Sandwich Islands,NI
Mercado,Taylor,511605 3169126686,Spain,Leinster
Mccullough,Leilani,548 08705 86863 791,Austria,Kerala
Norris,Kelsie,523653 844186 1774,United States Minor Outlying Islands,ON
Mcpherson,Xantha,516353 405232 3599,French Southern Territories,AN
Gill,Zephr,550064 1307911862,Viet Nam,L
Santos,Carl,515384 774742 9437,Burundi,PB
Vargas,Xaviera,5122 1623 0851 4520,Azerbaijan,Ank
Wynn,Lacota,511 76685 46475 438,Kazakhstan,HH
Pope,Alvin,5338 8227 1880 8412,Niger,Sicilia
Sherman,Idola,523420 632372 9038,Burkina Faso,Catalunya
Franklin,Cole,5398 3617 3886 1520,Sri Lanka,KN
Benjamin,Medge,5.44851E+15,Tokelau,California
Hayes,Kamal,525683 7498649263,Guadeloupe,NA
Navarro,Lacota,5.19126E+15,Senegal,Ceará
Palmer,Beatrice,531344 8050280884,Peru,CU
Thompson,Jolene,551102 0570586551,Iran,PE
Leonard,Lee,5.31242E+15,Antigua and Barbuda,La Rioja
Dunlap,Sierra,530095 752423 2219,Nauru,Jönköpings län
Randolph,Hayfa,548 13050 28304 764,Jordan,Lubelskie
Sellers,Lani,518417 980431 2709,Jamaica,DE
Haley,Silas,5.44062E+15,Thailand,Västra Götalands län
Moon,Regina,538296 240120 2765,Yemen,BA
Payne,Iona,5559 9080 4587 6396,Northern Mariana Islands,Istanbul
Guy,Meredith,5258 8420 3248 0488,Cape Verde,Hamburg
Pickett,Macy,534514 4110447587,Viet Nam,O
Stevenson,Tucker,537 55268 10214 767,Saint Lucia,South Island
David,Uta,5166 1593 3952 2560,Madagascar,N.
Thompson,Felix,534766 856830 3437,Christmas Island,AK
Head,Lisandra,513526 9060237698,Faroe Islands,PD
Delgado,Nerea,521481 1488411803,Panama,Istanbul
Marshall,Troy,516324 0397520937,Congo (Brazzaville),SJ
Faulkner,Reuben,5.53185E+15,Haiti,ON
Richmond,Donna,5.37581E+15,"Korea, South",San José
Fisher,Hayley,546168 251440 9081,Monaco,AB
Odonnell,Erin,549625 393671 1550,Barbados,Ontario
Hensley,Indira,517749 3962736834,Central African Republic,Mersin
Dillon,Constance,558038 441126 9678,Namibia,New South Wales
Atkinson,Slade,541175 1083298034,Egypt,AN
Hickman,Nola,553406 1659305359,Spain,Hawaii
Leblanc,Amery,512770 1542428578,Ethiopia,Andalucía
Valentine,Naomi,5.22678E+15,Christmas Island,Alajuela
Callahan,Alexa,544306 5872666083,Bolivia,Ontario
Best,Austin,541565 748204 5239,United States Minor Outlying Islands,São Paulo
Wilcox,Priscilla,527292 234484 6519,Maldives,Illinois
Tucker,Jesse,551 08283 54988 418,Luxembourg,SN
Bell,Quinn,512 03831 96012 151,Cuba,Ist
Carr,Rama,549 68555 05842 416,Bulgaria,Utah
Gross,Octavia,548 11030 47032 866,Gabon,Connacht
Mcgee,Isabelle,510648 153838 7931,Armenia,LX
Fitzgerald,Jordan,538 60469 19227 674,Philippines,LOM
Mccarty,Brett,519 10890 73138 548,Hong Kong,Jönköpings län
Rosales,Lana,543802 892923 4815,"Virgin Islands, British",Noord Holland
Christian,Josiah,517927 9003134297,Uruguay,LU
Wilkinson,Salvador,519099 9355913791,Uzbekistan,IL
Gould,Garth,5392 8999 7150 8890,Uruguay,Quebec
Bradford,Heather,543168 452146 9543,Myanmar,Lazio
Jacobs,Imelda,533 73787 55054 254,Lesotho,WY
Elliott,Kaitlin,5132 2055 4079 5270,Saint Kitts and Nevis,Vienna
Todd,Micah,5.32304E+15,Tajikistan,South Island
Melendez,Zenia,538 08911 59048 223,South Sudan,PB
Elliott,David,5.36996E+15,Central African Republic,RM
Grant,Ronan,557 71638 67872 655,Qatar,Umbria
Reed,Flynn,5534 1835 5778 2321,Taiwan,Zl
Campbell,Uriah,539 58500 21314 968,Antarctica,Haryana
Savage,Ulric,533854 6834864013,Russian Federation,Bihar
Ramos,Unity,5191 8190 1799 5284,Singapore,CAM
Peters,Judith,5.5874E+15,Denmark,Ankara
Parsons,Quon,5.15204E+15,Saint Kitts and Nevis,Zl
Pena,Connor,545154 3566995520,Trinidad and Tobago,Vorarlberg
Whitfield,Aladdin,5451 7155 9506 9275,Japan,San José
Love,Elton,552 16350 75774 069,Fiji,Biobío
Ryan,Yoshi,5.17249E+15,Saint Barthélemy,Stockholms län
Duffy,Caesar,524645 948342 5972,Myanmar,NSW
Richard,Sonia,536 52663 80519 517,Puerto Rico,SJ
Lindsay,Burke,510262 3625790931,Cameroon,Connecticut
Mcdowell,Veda,515 42038 08115 607,Singapore,Alajuela
Moran,Dennis,5.55122E+15,British Indian Ocean Territory,Z.
Chapman,Madaline,5.12842E+15,Belize,A
Howell,Wendy,528417 1140324059,Cayman Islands,Gelderland
Sparks,Leroy,557 97242 13943 967,Japan,ES
Solis,Lilah,511185 3598035811,Bosnia and Herzegovina,M
Turner,Nissim,5348 8528 9576 2106,Yemen,Cartago
Olson,Silas,530 11122 56671 007,Belarus,VII
Velazquez,Hamish,5463 3774 3668 0236,Bosnia and Herzegovina,L
Singleton,Indira,5.19449E+15,Cape Verde,QC
Cooke,Marcia,554933 8445223200,San Marino,Berlin
Gutierrez,Kalia,5.31716E+15,Isle of Man,Catalunya
Wise,Beatrice,5229 0365 3425 3842,Guinea,PUG
Morrison,Emma,537907 134136 1361,Papua New Guinea,A
Rocha,Ocean,521355 922945 6303,Anguilla,Wie
Stark,Rama,557 30053 12840 320,"Korea, South",Bremen
Wilson,Marsden,5543 8808 5997 9203,Hungary,Nunavut
Levy,Wylie,5.2912E+15,Tunisia,WA
Matthews,Cailin,514400 2275938613,Philippines,Osun
Anthony,Callie,548774 5620834052,Honduras,AN
Orr,Quintessa,528 61699 70436 876,Gabon,MH
Day,Molly,5541 7485 1586 7439,Italy,ST
Kidd,Jael,5.10503E+15,Malawi,Brussels Hoofdstedelijk Gewest
Parsons,Dexter,557877 7172338059,Sweden,Catalunya
Key,Blythe,5.52568E+15,South Georgia and The South Sandwich Islands,NI
Mercado,Taylor,511605 3169126686,Spain,Leinster
Mccullough,Leilani,548 08705 86863 791,Austria,Kerala
Norris,Kelsie,523653 844186 1774,United States Minor Outlying Islands,ON
Mcpherson,Xantha,516353 405232 3599,French Southern Territories,AN
Gill,Zephr,550064 1307911862,Viet Nam,L
Santos,Carl,515384 774742 9437,Burundi,PB
Vargas,Xaviera,5122 1623 0851 4520,Azerbaijan,Ank
Wynn,Lacota,511 76685 46475 438,Kazakhstan,HH
Pope,Alvin,5338 8227 1880 8412,Niger,Sicilia
Sherman,Idola,523420 632372 9038,Burkina Faso,Catalunya
Franklin,Cole,5398 3617 3886 1520,Sri Lanka,KN
Benjamin,Medge,5.44851E+15,Tokelau,California
Hayes,Kamal,525683 7498649263,Guadeloupe,NA
Navarro,Lacota,5.19126E+15,Senegal,Ceará
Palmer,Beatrice,531344 8050280884,Peru,CU
Thompson,Jolene,551102 0570586551,Iran,PE
Leonard,Lee,5.31242E+15,Antigua and Barbuda,La Rioja
Dunlap,Sierra,530095 752423 2219,Nauru,Jönköpings län
Randolph,Hayfa,548 13050 28304 764,Jordan,Lubelskie
Sellers,Lani,518417 980431 2709,Jamaica,DE
Haley,Silas,5.44062E+15,Thailand,Västra Götalands län
Moon,Regina,538296 240120 2765,Yemen,BA
Payne,Iona,5559 9080 4587 6396,Northern Mariana Islands,Istanbul
Guy,Meredith,5258 8420 3248 0488,Cape Verde,Hamburg
Pickett,Macy,534514 4110447587,Viet Nam,O
Stevenson,Tucker,537 55268 10214 767,Saint Lucia,South Island
David,Uta,5166 1593 3952 2560,Madagascar,N.
Thompson,Felix,534766 856830 3437,Christmas Island,AK
Head,Lisandra,513526 9060237698,Faroe Islands,PD
Delgado,Nerea,521481 1488411803,Panama,Istanbul
Marshall,Troy,516324 0397520937,Congo (Brazzaville),SJ
Faulkner,Reuben,5.53185E+15,Haiti,ON
Richmond,Donna,5.37581E+15,"Korea, South",San José
Fisher,Hayley,546168 251440 9081,Monaco,AB
Odonnell,Erin,549625 393671 1550,Barbados,Ontario
Hensley,Indira,517749 3962736834,Central African Republic,Mersin
Dillon,Constance,558038 441126 9678,Namibia,New South Wales
Atkinson,Slade,541175 1083298034,Egypt,AN
Hickman,Nola,553406 1659305359,Spain,Hawaii
Leblanc,Amery,512770 1542428578,Ethiopia,Andalucía
Valentine,Naomi,5.22678E+15,Christmas Island,Alajuela
Callahan,Alexa,544306 5872666083,Bolivia,Ontario
Best,Austin,541565 748204 5239,United States Minor Outlying Islands,São Paulo
Wilcox,Priscilla,527292 234484 6519,Maldives,Illinois
Tucker,Jesse,551 08283 54988 418,Luxembourg,SN
Bell,Quinn,512 03831 96012 151,Cuba,Ist
Carr,Rama,549 68555 05842 416,Bulgaria,Utah
Gross,Octavia,548 11030 47032 866,Gabon,Connacht
Mcgee,Isabelle,510648 153838 7931,Armenia,LX
Fitzgerald,Jordan,538 60469 19227 674,Philippines,LOM
Mccarty,Brett,519 10890 73138 548,Hong Kong,Jönköpings län
Rosales,Lana,543802 892923 4815,"Virgin Islands, British",Noord Holland
Christian,Josiah,517927 9003134297,Uruguay,LU
Wilkinson,Salvador,519099 9355913791,Uzbekistan,IL
Gould,Garth,5392 8999 7150 8890,Uruguay,Quebec
Bradford,Heather,543168 452146 9543,Myanmar,Lazio
Jacobs,Imelda,533 73787 55054 254,Lesotho,WY
Elliott,Kaitlin,5132 2055 4079 5270,Saint Kitts and Nevis,Vienna
Todd,Micah,5.32304E+15,Tajikistan,South Island
Melendez,Zenia,538 08911 59048 223,South Sudan,PB
Elliott,David,5.36996E+15,Central African Republic,RM
Grant,Ronan,557 71638 67872 655,Qatar,Umbria
Reed,Flynn,5534 1835 5778 2321,Taiwan,Zl
Campbell,Uriah,539 58500 21314 968,Antarctica,Haryana
Savage,Ulric,533854 6834864013,Russian Federation,Bihar
Ramos,Unity,5191 8190 1799 5284,Singapore,CAM
Peters,Judith,5.5874E+15,Denmark,Ankara
Parsons,Quon,5.15204E+15,Saint Kitts and Nevis,Zl
Pena,Connor,545154 3566995520,Trinidad and Tobago,Vorarlberg
Whitfield,Aladdin,5451 7155 9506 9275,Japan,San José
Love,Elton,552 16350 75774 069,Fiji,Biobío
Ryan,Yoshi,5.17249E+15,Saint Barthélemy,Stockholms län
Duffy,Caesar,524645 948342 5972,Myanmar,NSW
Richard,Sonia,536 52663 80519 517,Puerto Rico,SJ
Lindsay,Burke,510262 3625790931,Cameroon,Connecticut
Mcdowell,Veda,515 42038 08115 607,Singapore,Alajuela
Moran,Dennis,5.55122E+15,British Indian Ocean Territory,Z.
Chapman,Madaline,5.12842E+15,Belize,A
Howell,Wendy,528417 1140324059,Cayman Islands,Gelderland
Sparks,Leroy,557 97242 13943 967,Japan,ES
Solis,Lilah,511185 3598035811,Bosnia and Herzegovina,M
Turner,Nissim,5348 8528 9576 2106,Yemen,Cartago
Olson,Silas,530 11122 56671 007,Belarus,VII
Velazquez,Hamish,5463 3774 3668 0236,Bosnia and Herzegovina,L
Singleton,Indira,5.19449E+15,Cape Verde,QC
Cooke,Marcia,554933 8445223200,San Marino,Berlin
Gutierrez,Kalia,5.31716E+15,Isle of Man,Catalunya
Wise,Beatrice,5229 0365 3425 3842,Guinea,PUG
Morrison,Emma,537907 134136 1361,Papua New Guinea,A
Rocha,Ocean,521355 922945 6303,Anguilla,Wie
Stark,Rama,557 30053 12840 320,"Korea, South",Bremen
Wilson,Marsden,5543 8808 5997 9203,Hungary,Nunavut
Levy,Wylie,5.2912E+15,Tunisia,WA
Matthews,Cailin,514400 2275938613,Philippines,Osun
Anthony,Callie,548774 5620834052,Honduras,AN
Orr,Quintessa,528 61699 70436 876,Gabon,MH
Day,Molly,5541 7485 1586 7439,Italy,ST
Kidd,Jael,5.10503E+15,Malawi,Brussels Hoofdstedelijk Gewest
Parsons,Dexter,557877 7172338059,Sweden,Catalunya
Key,Blythe,5.52568E+15,South Georgia and The South Sandwich Islands,NI
Mercado,Taylor,511605 3169126686,Spain,Leinster
Mccullough,Leilani,548 08705 86863 791,Austria,Kerala
Norris,Kelsie,523653 844186 1774,United States Minor Outlying Islands,ON
Mcpherson,Xantha,516353 405232 3599,French Southern Territories,AN
Gill,Zephr,550064 1307911862,Viet Nam,L
Santos,Carl,515384 774742 9437,Burundi,PB
Vargas,Xaviera,5122 1623 0851 4520,Azerbaijan,Ank
Wynn,Lacota,511 76685 46475 438,Kazakhstan,HH
Pope,Alvin,5338 8227 1880 8412,Niger,Sicilia
Sherman,Idola,523420 632372 9038,Burkina Faso,Catalunya
Franklin,Cole,5398 3617 3886 1520,Sri Lanka,KN
Benjamin,Medge,5.44851E+15,Tokelau,California
Hayes,Kamal,525683 7498649263,Guadeloupe,NA
Navarro,Lacota,5.19126E+15,Senegal,Ceará
Palmer,Beatrice,531344 8050280884,Peru,CU
Thompson,Jolene,551102 0570586551,Iran,PE
Leonard,Lee,5.31242E+15,Antigua and Barbuda,La Rioja
Dunlap,Sierra,530095 752423 2219,Nauru,Jönköpings län
Randolph,Hayfa,548 13050 28304 764,Jordan,Lubelskie
Sellers,Lani,518417 980431 2709,Jamaica,DE
Haley,Silas,5.44062E+15,Thailand,Västra Götalands län
Moon,Regina,538296 240120 2765,Yemen,BA
Payne,Iona,5559 9080 4587 6396,Northern Mariana Islands,Istanbul
Guy,Meredith,5258 8420 3248 0488,Cape Verde,Hamburg
Pickett,Macy,534514 4110447587,Viet Nam,O
Stevenson,Tucker,537 55268 10214 767,Saint Lucia,South Island
David,Uta,5166 1593 3952 2560,Madagascar,N.
Thompson,Felix,534766 856830 3437,Christmas Island,AK
Head,Lisandra,513526 9060237698,Faroe Islands,PD
Delgado,Nerea,521481 1488411803,Panama,Istanbul
Marshall,Troy,516324 0397520937,Congo (Brazzaville),SJ
Faulkner,Reuben,5.53185E+15,Haiti,ON
Richmond,Donna,5.37581E+15,"Korea, South",San José
Fisher,Hayley,546168 251440 9081,Monaco,AB
Odonnell,Erin,549625 393671 1550,Barbados,Ontario
Hensley,Indira,517749 3962736834,Central African Republic,Mersin
Dillon,Constance,558038 441126 9678,Namibia,New South Wales
Atkinson,Slade,541175 1083298034,Egypt,AN
Hickman,Nola,553406 1659305359,Spain,Hawaii
Leblanc,Amery,512770 1542428578,Ethiopia,Andalucía
Valentine,Naomi,5.22678E+15,Christmas Island,Alajuela
Callahan,Alexa,544306 5872666083,Bolivia,Ontario
Best,Austin,541565 748204 5239,United States Minor Outlying Islands,São Paulo
Wilcox,Priscilla,527292 234484 6519,Maldives,Illinois
Tucker,Jesse,551 08283 54988 418,Luxembourg,SN
Bell,Quinn,512 03831 96012 151,Cuba,Ist
Carr,Rama,549 68555 05842 416,Bulgaria,Utah
Gross,Octavia,548 11030 47032 866,Gabon,Connacht
Mcgee,Isabelle,510648 153838 7931,Armenia,LX
Fitzgerald,Jordan,538 60469 19227 674,Philippines,LOM
Mccarty,Brett,519 10890 73138 548,Hong Kong,Jönköpings län
Rosales,Lana,543802 892923 4815,"Virgin Islands, British",Noord Holland
Christian,Josiah,517927 9003134297,Uruguay,LU
Wilkinson,Salvador,519099 9355913791,Uzbekistan,IL
Gould,Garth,5392 8999 7150 8890,Uruguay,Quebec
Bradford,Heather,543168 452146 9543,Myanmar,Lazio
Jacobs,Imelda,533 73787 55054 254,Lesotho,WY
Elliott,Kaitlin,5132 2055 4079 5270,Saint Kitts and Nevis,Vienna
Todd,Micah,5.32304E+15,Tajikistan,South Island
Melendez,Zenia,538 08911 59048 223,South Sudan,PB
Elliott,David,5.36996E+15,Central African Republic,RM
Grant,Ronan,557 71638 67872 655,Qatar,Umbria
Reed,Flynn,5534 1835 5778 2321,Taiwan,Zl
Campbell,Uriah,539 58500 21314 968,Antarctica,Haryana
Savage,Ulric,533854 6834864013,Russian Federation,Bihar
Ramos,Unity,5191 8190 1799 5284,Singapore,CAM
Peters,Judith,5.5874E+15,Denmark,Ankara
Parsons,Quon,5.15204E+15,Saint Kitts and Nevis,Zl
Pena,Connor,545154 3566995520,Trinidad and Tobago,Vorarlberg
Whitfield,Aladdin,5451 7155 9506 9275,Japan,San José
Love,Elton,552 16350 75774 069,Fiji,Biobío
Ryan,Yoshi,5.17249E+15,Saint Barthélemy,Stockholms län
Duffy,Caesar,524645 948342 5972,Myanmar,NSW
Richard,Sonia,536 52663 80519 517,Puerto Rico,SJ
Lindsay,Burke,510262 3625790931,Cameroon,Connecticut
Mcdowell,Veda,515 42038 08115 607,Singapore,Alajuela
Moran,Dennis,5.55122E+15,British Indian Ocean Territory,Z.
Chapman,Madaline,5.12842E+15,Belize,A
Howell,Wendy,528417 1140324059,Cayman Islands,Gelderland
Sparks,Leroy,557 97242 13943 967,Japan,ES
Solis,Lilah,511185 3598035811,Bosnia and Herzegovina,M
Turner,Nissim,5348 8528 9576 2106,Yemen,Cartago
Olson,Silas,530 11122 56671 007,Belarus,VII
Velazquez,Hamish,5463 3774 3668 0236,Bosnia and Herzegovina,L
Singleton,Indira,5.19449E+15,Cape Verde,QC
Cooke,Marcia,554933 8445223200,San Marino,Berlin
Gutierrez,Kalia,5.31716E+15,Isle of Man,Catalunya
Wise,Beatrice,5229 0365 3425 3842,Guinea,PUG
Morrison,Emma,537907 134136 1361,Papua New Guinea,A
Rocha,Ocean,521355 922945 6303,Anguilla,Wie
Stark,Rama,557 30053 12840 320,"Korea, South",Bremen
Wilson,Marsden,5543 8808 5997 9203,Hungary,Nunavut
Levy,Wylie,5.2912E+15,Tunisia,WA
Matthews,Cailin,514400 2275938613,Philippines,Osun
Anthony,Callie,548774 5620834052,Honduras,AN
Orr,Quintessa,528 61699 70436 876,Gabon,MH
Day,Molly,5541 7485 1586 7439,Italy,ST
Kidd,Jael,5.10503E+15,Malawi,Brussels Hoofdstedelijk Gewest
Parsons,Dexter,557877 7172338059,Sweden,Catalunya
Key,Blythe,5.52568E+15,South Georgia and The South Sandwich Islands,NI
Mercado,Taylor,511605 3169126686,Spain,Leinster
Mccullough,Leilani,548 08705 86863 791,Austria,Kerala
Norris,Kelsie,523653 844186 1774,United States Minor Outlying Islands,ON
Mcpherson,Xantha,516353 405232 3599,French Southern Territories,AN
Gill,Zephr,550064 1307911862,Viet Nam,L
Santos,Carl,515384 774742 9437,Burundi,PB
Vargas,Xaviera,5122 1623 0851 4520,Azerbaijan,Ank
Wynn,Lacota,511 76685 46475 438,Kazakhstan,HH
Pope,Alvin,5338 8227 1880 8412,Niger,Sicilia
Sherman,Idola,523420 632372 9038,Burkina Faso,Catalunya
Franklin,Cole,5398 3617 3886 1520,Sri Lanka,KN
Benjamin,Medge,5.44851E+15,Tokelau,California
Hayes,Kamal,525683 7498649263,Guadeloupe,NA
Navarro,Lacota,5.19126E+15,Senegal,Ceará
Palmer,Beatrice,531344 8050280884,Peru,CU
Thompson,Jolene,551102 0570586551,Iran,PE
Leonard,Lee,5.31242E+15,Antigua and Barbuda,La Rioja
Dunlap,Sierra,530095 752423 2219,Nauru,Jönköpings län
Randolph,Hayfa,548 13050 28304 764,Jordan,Lubelskie
Sellers,Lani,518417 980431 2709,Jamaica,DE
Haley,Silas,5.44062E+15,Thailand,Västra Götalands län
Moon,Regina,538296 240120 2765,Yemen,BA
Payne,Iona,5559 9080 4587 6396,Northern Mariana Islands,Istanbul
Guy,Meredith,5258 8420 3248 0488,Cape Verde,Hamburg
Pickett,Macy,534514 4110447587,Viet Nam,O
Stevenson,Tucker,537 55268 10214 767,Saint Lucia,South Island
David,Uta,5166 1593 3952 2560,Madagascar,N.
Thompson,Felix,534766 856830 3437,Christmas Island,AK
Head,Lisandra,513526 9060237698,Faroe Islands,PD
Delgado,Nerea,521481 1488411803,Panama,Istanbul
Marshall,Troy,516324 0397520937,Congo (Brazzaville),SJ
Faulkner,Reuben,5.53185E+15,Haiti,ON
Richmond,Donna,5.37581E+15,"Korea, South",San José
Fisher,Hayley,546168 251440 9081,Monaco,AB
Odonnell,Erin,549625 393671 1550,Barbados,Ontario
Hensley,Indira,517749 3962736834,Central African Republic,Mersin
Dillon,Constance,558038 441126 9678,Namibia,New South Wales
Atkinson,Slade,541175 1083298034,Egypt,AN
Hickman,Nola,553406 1659305359,Spain,Hawaii
Leblanc,Amery,512770 1542428578,Ethiopia,Andalucía
Valentine,Naomi,5.22678E+15,Christmas Island,Alajuela
Callahan,Alexa,544306 5872666083,Bolivia,Ontario
Best,Austin,541565 748204 5239,United States Minor Outlying Islands,São Paulo
Wilcox,Priscilla,527292 234484 6519,Maldives,Illinois
Tucker,Jesse,551 08283 54988 418,Luxembourg,SN
Bell,Quinn,512 03831 96012 151,Cuba,Ist
Carr,Rama,549 68555 05842 416,Bulgaria,Utah
Gross,Octavia,548 11030 47032 866,Gabon,Connacht
Mcgee,Isabelle,510648 153838 7931,Armenia,LX
Fitzgerald,Jordan,538 60469 19227 674,Philippines,LOM
Mccarty,Brett,519 10890 73138 548,Hong Kong,Jönköpings län
Rosales,Lana,543802 892923 4815,"Virgin Islands, British",Noord Holland
Christian,Josiah,517927 9003134297,Uruguay,LU
Wilkinson,Salvador,519099 9355913791,Uzbekistan,IL
Gould,Garth,5392 8999 7150 8890,Uruguay,Quebec
Bradford,Heather,543168 452146 9543,Myanmar,Lazio
Jacobs,Imelda,533 73787 55054 254,Lesotho,WY
Elliott,Kaitlin,5132 2055 4079 5270,Saint Kitts and Nevis,Vienna
Todd,Micah,5.32304E+15,Tajikistan,South Island
Melendez,Zenia,538 08911 59048 223,South Sudan,PB
Elliott,David,5.36996E+15,Central African Republic,RM
Grant,Ronan,557 71638 67872 655,Qatar,Umbria
Reed,Flynn,5534 1835 5778 2321,Taiwan,Zl
Campbell,Uriah,539 58500 21314 968,Antarctica,Haryana
Savage,Ulric,533854 6834864013,Russian Federation,Bihar
Ramos,Unity,5191 8190 1799 5284,Singapore,CAM
Peters,Judith,5.5874E+15,Denmark,Ankara
Parsons,Quon,5.15204E+15,Saint Kitts and Nevis,Zl
Pena,Connor,545154 3566995520,Trinidad and Tobago,Vorarlberg
Whitfield,Aladdin,5451 7155 9506 9275,Japan,San José
Love,Elton,552 16350 75774 069,Fiji,Biobío
Ryan,Yoshi,5.17249E+15,Saint Barthélemy,Stockholms län
Duffy,Caesar,524645 948342 5972,Myanmar,NSW
Richard,Sonia,536 52663 80519 517,Puerto Rico,SJ
Lindsay,Burke,510262 3625790931,Cameroon,Connecticut
Mcdowell,Veda,515 42038 08115 607,Singapore,Alajuela
Moran,Dennis,5.55122E+15,British Indian Ocean Territory,Z.
Chapman,Madaline,5.12842E+15,Belize,A
Howell,Wendy,528417 1140324059,Cayman Islands,Gelderland
Sparks,Leroy,557 97242 13943 967,Japan,ES
Solis,Lilah,511185 3598035811,Bosnia and Herzegovina,M
Turner,Nissim,5348 8528 9576 2106,Yemen,Cartago
Olson,Silas,530 11122 56671 007,Belarus,VII
Velazquez,Hamish,5463 3774 3668 0236,Bosnia and Herzegovina,L
Singleton,Indira,5.19449E+15,Cape Verde,QC
Cooke,Marcia,554933 8445223200,San Marino,Berlin
Gutierrez,Kalia,5.31716E+15,Isle of Man,Catalunya
Wise,Beatrice,5229 0365 3425 3842,Guinea,PUG
Morrison,Emma,537907 134136 1361,Papua New Guinea,A
Rocha,Ocean,521355 922945 6303,Anguilla,Wie
Stark,Rama,557 30053 12840 320,"Korea, South",Bremen
Wilson,Marsden,5543 8808 5997 9203,Hungary,Nunavut
Levy,Wylie,5.2912E+15,Tunisia,WA
Matthews,Cailin,514400 2275938613,Philippines,Osun
Anthony,Callie,548774 5620834052,Honduras,AN
Orr,Quintessa,528 61699 70436 876,Gabon,MH
Day,Molly,5541 7485 1586 7439,Italy,ST
Kidd,Jael,5.10503E+15,Malawi,Brussels Hoofdstedelijk Gewest
Parsons,Dexter,557877 7172338059,Sweden,Catalunya
Key,Blythe,5.52568E+15,South Georgia and The South Sandwich Islands,NI
Mercado,Taylor,511605 3169126686,Spain,Leinster
Mccullough,Leilani,548 08705 86863 791,Austria,Kerala
Norris,Kelsie,523653 844186 1774,United States Minor Outlying Islands,ON
Mcpherson,Xantha,516353 405232 3599,French Southern Territories,AN
Gill,Zephr,550064 1307911862,Viet Nam,L
Santos,Carl,515384 774742 9437,Burundi,PB
Vargas,Xaviera,5122 1623 0851 4520,Azerbaijan,Ank
Wynn,Lacota,511 76685 46475 438,Kazakhstan,HH
Pope,Alvin,5338 8227 1880 8412,Niger,Sicilia
Sherman,Idola,523420 632372 9038,Burkina Faso,Catalunya
Franklin,Cole,5398 3617 3886 1520,Sri Lanka,KN
Benjamin,Medge,5.44851E+15,Tokelau,California
Hayes,Kamal,525683 7498649263,Guadeloupe,NA
Navarro,Lacota,5.19126E+15,Senegal,Ceará
Palmer,Beatrice,531344 8050280884,Peru,CU
Thompson,Jolene,551102 0570586551,Iran,PE
Leonard,Lee,5.31242E+15,Antigua and Barbuda,La Rioja
Dunlap,Sierra,530095 752423 2219,Nauru,Jönköpings län
Randolph,Hayfa,548 13050 28304 764,Jordan,Lubelskie
Sellers,Lani,518417 980431 2709,Jamaica,DE
Haley,Silas,5.44062E+15,Thailand,Västra Götalands län
Moon,Regina,538296 240120 2765,Yemen,BA
Payne,Iona,5559 9080 4587 6396,Northern Mariana Islands,Istanbul
Guy,Meredith,5258 8420 3248 0488,Cape Verde,Hamburg
Pickett,Macy,534514 4110447587,Viet Nam,O
Stevenson,Tucker,537 55268 10214 767,Saint Lucia,South Island
David,Uta,5166 1593 3952 2560,Madagascar,N.
Thompson,Felix,534766 856830 3437,Christmas Island,AK
Head,Lisandra,513526 9060237698,Faroe Islands,PD
Delgado,Nerea,521481 1488411803,Panama,Istanbul
Marshall,Troy,516324 0397520937,Congo (Brazzaville),SJ
Faulkner,Reuben,5.53185E+15,Haiti,ON
Richmond,Donna,5.37581E+15,"Korea, South",San José
Fisher,Hayley,546168 251440 9081,Monaco,AB
Odonnell,Erin,549625 393671 1550,Barbados,Ontario
Hensley,Indira,517749 3962736834,Central African Republic,Mersin
Dillon,Constance,558038 441126 9678,Namibia,New South Wales
Atkinson,Slade,541175 1083298034,Egypt,AN
Hickman,Nola,553406 1659305359,Spain,Hawaii
Leblanc,Amery,512770 1542428578,Ethiopia,Andalucía
Valentine,Naomi,5.22678E+15,Christmas Island,Alajuela
Callahan,Alexa,544306 5872666083,Bolivia,Ontario
Best,Austin,541565 748204 5239,United States Minor Outlying Islands,São Paulo
Wilcox,Priscilla,527292 234484 6519,Maldives,Illinois
Tucker,Jesse,551 08283 54988 418,Luxembourg,SN
Bell,Quinn,512 03831 96012 151,Cuba,Ist
Carr,Rama,549 68555 05842 416,Bulgaria,Utah
Gross,Octavia,548 11030 47032 866,Gabon,Connacht
Mcgee,Isabelle,510648 153838 7931,Armenia,LX
Fitzgerald,Jordan,538 60469 19227 674,Philippines,LOM
Mccarty,Brett,519 10890 73138 548,Hong Kong,Jönköpings län
Rosales,Lana,543802 892923 4815,"Virgin Islands, British",Noord Holland
Christian,Josiah,517927 9003134297,Uruguay,LU
Wilkinson,Salvador,519099 9355913791,Uzbekistan,IL
Gould,Garth,5392 8999 7150 8890,Uruguay,Quebec
Bradford,Heather,543168 452146 9543,Myanmar,Lazio
Jacobs,Imelda,533 73787 55054 254,Lesotho,WY
Elliott,Kaitlin,5132 2055 4079 5270,Saint Kitts and Nevis,Vienna
Todd,Micah,5.32304E+15,Tajikistan,South Island
Melendez,Zenia,538 08911 59048 223,South Sudan,PB
Elliott,David,5.36996E+15,Central African Republic,RM
Grant,Ronan,557 71638 67872 655,Qatar,Umbria
Reed,Flynn,5534 1835 5778 2321,Taiwan,Zl
Campbell,Uriah,539 58500 21314 968,Antarctica,Haryana
Savage,Ulric,533854 6834864013,Russian Federation,Bihar
Ramos,Unity,5191 8190 1799 5284,Singapore,CAM
Peters,Judith,5.5874E+15,Denmark,Ankara
Parsons,Quon,5.15204E+15,Saint Kitts and Nevis,Zl
Pena,Connor,545154 3566995520,Trinidad and Tobago,Vorarlberg
Whitfield,Aladdin,5451 7155 9506 9275,Japan,San José
Love,Elton,552 16350 75774 069,Fiji,Biobío
Ryan,Yoshi,5.17249E+15,Saint Barthélemy,Stockholms län
Duffy,Caesar,524645 948342 5972,Myanmar,NSW
Richard,Sonia,536 52663 80519 517,Puerto Rico,SJ
Lindsay,Burke,510262 3625790931,Cameroon,Connecticut
Mcdowell,Veda,515 42038 08115 607,Singapore,Alajuela
Moran,Dennis,5.55122E+15,British Indian Ocean Territory,Z.
Chapman,Madaline,5.12842E+15,Belize,A
Howell,Wendy,528417 1140324059,Cayman Islands,Gelderland
Sparks,Leroy,557 97242 13943 967,Japan,ES
Solis,Lilah,511185 3598035811,Bosnia and Herzegovina,M
Turner,Nissim,5348 8528 9576 2106,Yemen,Cartago
Olson,Silas,530 11122 56671 007,Belarus,VII
Velazquez,Hamish,5463 3774 3668 0236,Bosnia and Herzegovina,L
Singleton,Indira,5.19449E+15,Cape Verde,QC
Cooke,Marcia,554933 8445223200,San Marino,Berlin
Gutierrez,Kalia,5.31716E+15,Isle of Man,Catalunya
Wise,Beatrice,5229 0365 3425 3842,Guinea,PUG
Morrison,Emma,537907 134136 1361,Papua New Guinea,A
Rocha,Ocean,521355 922945 6303,Anguilla,Wie
Stark,Rama,557 30053 12840 320,"Korea, South",Bremen
Wilson,Marsden,5543 8808 5997 9203,Hungary,Nunavut
Levy,Wylie,5.2912E+15,Tunisia,WA
Matthews,Cailin,514400 2275938613,Philippines,Osun
Anthony,Callie,548774 5620834052,Honduras,AN
Orr,Quintessa,528 61699 70436 876,Gabon,MH
Day,Molly,5541 7485 1586 7439,Italy,ST
Kidd,Jael,5.10503E+15,Malawi,Brussels Hoofdstedelijk Gewest
Parsons,Dexter,557877 7172338059,Sweden,Catalunya
Key,Blythe,5.52568E+15,South Georgia and The South Sandwich Islands,NI
Mercado,Taylor,511605 3169126686,Spain,Leinster
Mccullough,Leilani,548 08705 86863 791,Austria,Kerala
Norris,Kelsie,523653 844186 1774,United States Minor Outlying Islands,ON
Mcpherson,Xantha,516353 405232 3599,French Southern Territories,AN
Gill,Zephr,550064 1307911862,Viet Nam,L
Santos,Carl,515384 774742 9437,Burundi,PB
Vargas,Xaviera,5122 1623 0851 4520,Azerbaijan,Ank
Wynn,Lacota,511 76685 46475 438,Kazakhstan,HH
Pope,Alvin,5338 8227 1880 8412,Niger,Sicilia
Sherman,Idola,523420 632372 9038,Burkina Faso,Catalunya
Franklin,Cole,5398 3617 3886 1520,Sri Lanka,KN
Benjamin,Medge,5.44851E+15,Tokelau,California
Hayes,Kamal,525683 7498649263,Guadeloupe,NA
Navarro,Lacota,5.19126E+15,Senegal,Ceará
Palmer,Beatrice,531344 8050280884,Peru,CU
Thompson,Jolene,551102 0570586551,Iran,PE
Leonard,Lee,5.31242E+15,Antigua and Barbuda,La Rioja
Dunlap,Sierra,530095 752423 2219,Nauru,Jönköpings län
Randolph,Hayfa,548 13050 28304 764,Jordan,Lubelskie
Sellers,Lani,518417 980431 2709,Jamaica,DE
Haley,Silas,5.44062E+15,Thailand,Västra Götalands län
Moon,Regina,538296 240120 2765,Yemen,BA
Payne,Iona,5559 9080 4587 6396,Northern Mariana Islands,Istanbul
Guy,Meredith,5258 8420 3248 0488,Cape Verde,Hamburg
Pickett,Macy,534514 4110447587,Viet Nam,O
Stevenson,Tucker,537 55268 10214 767,Saint Lucia,South Island
David,Uta,5166 1593 3952 2560,Madagascar,N.
Thompson,Felix,534766 856830 3437,Christmas Island,AK
Head,Lisandra,513526 9060237698,Faroe Islands,PD
Delgado,Nerea,521481 1488411803,Panama,Istanbul
Marshall,Troy,516324 0397520937,Congo (Brazzaville),SJ
Faulkner,Reuben,5.53185E+15,Haiti,ON
Richmond,Donna,5.37581E+15,"Korea, South",San José
Fisher,Hayley,546168 251440 9081,Monaco,AB
Odonnell,Erin,549625 393671 1550,Barbados,Ontario
Hensley,Indira,517749 3962736834,Central African Republic,Mersin
Dillon,Constance,558038 441126 9678,Namibia,New South Wales
Atkinson,Slade,541175 1083298034,Egypt,AN
Hickman,Nola,553406 1659305359,Spain,Hawaii
Leblanc,Amery,512770 1542428578,Ethiopia,Andalucía
Valentine,Naomi,5.22678E+15,Christmas Island,Alajuela
Callahan,Alexa,544306 5872666083,Bolivia,Ontario
Best,Austin,541565 748204 5239,United States Minor Outlying Islands,São Paulo
Wilcox,Priscilla,527292 234484 6519,Maldives,Illinois
Tucker,Jesse,551 08283 54988 418,Luxembourg,SN
Bell,Quinn,512 03831 96012 151,Cuba,Ist
Carr,Rama,549 68555 05842 416,Bulgaria,Utah
Gross,Octavia,548 11030 47032 866,Gabon,Connacht
Mcgee,Isabelle,510648 153838 7931,Armenia,LX
Fitzgerald,Jordan,538 60469 19227 674,Philippines,LOM
Mccarty,Brett,519 10890 73138 548,Hong Kong,Jönköpings län
Rosales,Lana,543802 892923 4815,"Virgin Islands, British",Noord Holland
Christian,Josiah,517927 9003134297,Uruguay,LU
Wilkinson,Salvador,519099 9355913791,Uzbekistan,IL
Gould,Garth,5392 8999 7150 8890,Uruguay,Quebec
Bradford,Heather,543168 452146 9543,Myanmar,Lazio
Jacobs,Imelda,533 73787 55054 254,Lesotho,WY
Elliott,Kaitlin,5132 2055 4079 5270,Saint Kitts and Nevis,Vienna
Todd,Micah,5.32304E+15,Tajikistan,South Island
Melendez,Zenia,538 08911 59048 223,South Sudan,PB
Elliott,David,5.36996E+15,Central African Republic,RM
Grant,Ronan,557 71638 67872 655,Qatar,Umbria
Reed,Flynn,5534 1835 5778 2321,Taiwan,Zl
Campbell,Uriah,539 58500 21314 968,Antarctica,Haryana
Savage,Ulric,533854 6834864013,Russian Federation,Bihar
Ramos,Unity,5191 8190 1799 5284,Singapore,CAM
Peters,Judith,5.5874E+15,Denmark,Ankara
Parsons,Quon,5.15204E+15,Saint Kitts and Nevis,Zl
Pena,Connor,545154 3566995520,Trinidad and Tobago,Vorarlberg
Whitfield,Aladdin,5451 7155 9506 9275,Japan,San José
Love,Elton,552 16350 75774 069,Fiji,Biobío
Ryan,Yoshi,5.17249E+15,Saint Barthélemy,Stockholms län
Duffy,Caesar,524645 948342 5972,Myanmar,NSW
Richard,Sonia,536 52663 80519 517,Puerto Rico,SJ
Lindsay,Burke,510262 3625790931,Cameroon,Connecticut
Mcdowell,Veda,515 42038 08115 607,Singapore,Alajuela
Moran,Dennis,5.55122E+15,British Indian Ocean Territory,Z.
Chapman,Madaline,5.12842E+15,Belize,A
Howell,Wendy,528417 1140324059,Cayman Islands,Gelderland
Sparks,Leroy,557 97242 13943 967,Japan,ES
Solis,Lilah,511185 3598035811,Bosnia and Herzegovina,M
Turner,Nissim,5348 8528 9576 2106,Yemen,Cartago
Olson,Silas,530 11122 56671 007,Belarus,VII
Velazquez,Hamish,5463 3774 3668 0236,Bosnia and Herzegovina,L
Singleton,Indira,5.19449E+15,Cape Verde,QC
Cooke,Marcia,554933 8445223200,San Marino,Berlin
Gutierrez,Kalia,5.31716E+15,Isle of Man,Catalunya
Wise,Beatrice,5229 0365 3425 3842,Guinea,PUG
Morrison,Emma,537907 134136 1361,Papua New Guinea,A
Rocha,Ocean,521355 922945 6303,Anguilla,Wie
Stark,Rama,557 30053 12840 320,"Korea, South",Bremen
Wilson,Marsden,5543 8808 5997 9203,Hungary,Nunavut
Levy,Wylie,5.2912E+15,Tunisia,WA
Matthews,Cailin,514400 2275938613,Philippines,Osun
Anthony,Callie,548774 5620834052,Honduras,AN
Orr,Quintessa,528 61699 70436 876,Gabon,MH
Day,Molly,5541 7485 1586 7439,Italy,ST
Kidd,Jael,5.10503E+15,Malawi,Brussels Hoofdstedelijk Gewest
Parsons,Dexter,557877 7172338059,Sweden,Catalunya
Key,Blythe,5.52568E+15,South Georgia and The South Sandwich Islands,NI
Mercado,Taylor,511605 3169126686,Spain,Leinster
Mccullough,Leilani,548 08705 86863 791,Austria,Kerala
Norris,Kelsie,523653 844186 1774,United States Minor Outlying Islands,ON
Mcpherson,Xantha,516353 405232 3599,French Southern Territories,AN
Gill,Zephr,550064 1307911862,Viet Nam,L
Santos,Carl,515384 774742 9437,Burundi,PB
Vargas,Xaviera,5122 1623 0851 4520,Azerbaijan,Ank
Wynn,Lacota,511 76685 46475 438,Kazakhstan,HH
Pope,Alvin,5338 8227 1880 8412,Niger,Sicilia
Sherman,Idola,523420 632372 9038,Burkina Faso,Catalunya
Franklin,Cole,5398 3617 3886 1520,Sri Lanka,KN
Benjamin,Medge,5.44851E+15,Tokelau,California
Hayes,Kamal,525683 7498649263,Guadeloupe,NA
Navarro,Lacota,5.19126E+15,Senegal,Ceará
Palmer,Beatrice,531344 8050280884,Peru,CU
Thompson,Jolene,551102 0570586551,Iran,PE
Leonard,Lee,5.31242E+15,Antigua and Barbuda,La Rioja
Dunlap,Sierra,530095 752423 2219,Nauru,Jönköpings län
Randolph,Hayfa,548 13050 28304 764,Jordan,Lubelskie
Sellers,Lani,518417 980431 2709,Jamaica,DE
Haley,Silas,5.44062E+15,Thailand,Västra Götalands län
Moon,Regina,538296 240120 2765,Yemen,BA
Payne,Iona,5559 9080 4587 6396,Northern Mariana Islands,Istanbul
Guy,Meredith,5258 8420 3248 0488,Cape Verde,Hamburg
Pickett,Macy,534514 4110447587,Viet Nam,O
Stevenson,Tucker,537 55268 10214 767,Saint Lucia,South Island
David,Uta,5166 1593 3952 2560,Madagascar,N.
Thompson,Felix,534766 856830 3437,Christmas Island,AK
Head,Lisandra,513526 9060237698,Faroe Islands,PD
Delgado,Nerea,521481 1488411803,Panama,Istanbul
Marshall,Troy,516324 0397520937,Congo (Brazzaville),SJ
Faulkner,Reuben,5.53185E+15,Haiti,ON
Richmond,Donna,5.37581E+15,"Korea, South",San José
Fisher,Hayley,546168 251440 9081,Monaco,AB
Odonnell,Erin,549625 393671 1550,Barbados,Ontario
Hensley,Indira,517749 3962736834,Central African Republic,Mersin
Dillon,Constance,558038 441126 9678,Namibia,New South Wales
Atkinson,Slade,541175 1083298034,Egypt,AN
Hickman,Nola,553406 1659305359,Spain,Hawaii
Leblanc,Amery,512770 1542428578,Ethiopia,Andalucía
Valentine,Naomi,5.22678E+15,Christmas Island,Alajuela
Callahan,Alexa,544306 5872666083,Bolivia,Ontario
Best,Austin,541565 748204 5239,United States Minor Outlying Islands,São Paulo
Wilcox,Priscilla,527292 234484 6519,Maldives,Illinois
Tucker,Jesse,551 08283 54988 418,Luxembourg,SN
Bell,Quinn,512 03831 96012 151,Cuba,Ist
Carr,Rama,549 68555 05842 416,Bulgaria,Utah
Gross,Octavia,548 11030 47032 866,Gabon,Connacht
Mcgee,Isabelle,510648 153838 7931,Armenia,LX
Fitzgerald,Jordan,538 60469 19227 674,Philippines,LOM
Mccarty,Brett,519 10890 73138 548,Hong Kong,Jönköpings län
Rosales,Lana,543802 892923 4815,"Virgin Islands, British",Noord Holland
Christian,Josiah,517927 9003134297,Uruguay,LU
Wilkinson,Salvador,519099 9355913791,Uzbekistan,IL
Gould,Garth,5392 8999 7150 8890,Uruguay,Quebec
Bradford,Heather,543168 452146 9543,Myanmar,Lazio
Jacobs,Imelda,533 73787 55054 254,Lesotho,WY
Elliott,Kaitlin,5132 2055 4079 5270,Saint Kitts and Nevis,Vienna
Todd,Micah,5.32304E+15,Tajikistan,South Island
Melendez,Zenia,538 08911 59048 223,South Sudan,PB
Elliott,David,5.36996E+15,Central African Republic,RM
Grant,Ronan,557 71638 67872 655,Qatar,Umbria
Reed,Flynn,5534 1835 5778 2321,Taiwan,Zl
Campbell,Uriah,539 58500 21314 968,Antarctica,Haryana
Savage,Ulric,533854 6834864013,Russian Federation,Bihar
Ramos,Unity,5191 8190 1799 5284,Singapore,CAM
Peters,Judith,5.5874E+15,Denmark,Ankara
Parsons,Quon,5.15204E+15,Saint Kitts and Nevis,Zl
Pena,Connor,545154 3566995520,Trinidad and Tobago,Vorarlberg
Whitfield,Aladdin,5451 7155 9506 9275,Japan,San José
Love,Elton,552 16350 75774 069,Fiji,Biobío
Ryan,Yoshi,5.17249E+15,Saint Barthélemy,Stockholms län
Duffy,Caesar,524645 948342 5972,Myanmar,NSW
Richard,Sonia,536 52663 80519 517,Puerto Rico,SJ
Lindsay,Burke,510262 3625790931,Cameroon,Connecticut
Mcdowell,Veda,515 42038 08115 607,Singapore,Alajuela
Moran,Dennis,5.55122E+15,British Indian Ocean Territory,Z.
Chapman,Madaline,5.12842E+15,Belize,A
Howell,Wendy,528417 1140324059,Cayman Islands,Gelderland
Sparks,Leroy,557 97242 13943 967,Japan,ES
Solis,Lilah,511185 3598035811,Bosnia and Herzegovina,M
Turner,Nissim,5348 8528 9576 2106,Yemen,Cartago
Olson,Silas,530 11122 56671 007,Belarus,VII
Velazquez,Hamish,5463 3774 3668 0236,Bosnia and Herzegovina,L
Singleton,Indira,5.19449E+15,Cape Verde,QC
Cooke,Marcia,554933 8445223200,San Marino,Berlin
Gutierrez,Kalia,5.31716E+15,Isle of Man,Catalunya
Wise,Beatrice,5229 0365 3425 3842,Guinea,PUG
Morrison,Emma,537907 134136 1361,Papua New Guinea,A
Rocha,Ocean,521355 922945 6303,Anguilla,Wie
Stark,Rama,557 30053 12840 320,"Korea, South",Bremen
